id;created_by;created_date;last_modified_by;last_modified_date;aecp;deleted;montant_estime;activite_id;besoin_id;ligne_budget_id
1251;admin;2021-05-30 16:00:48.523667;admin;2021-06-01 11:14:59.871278;t;f;179900;1151;1101;1201
1252;admin;2021-05-30 16:00:48.604505;admin;2021-06-01 11:14:59.872588;f;f;20000;1152;1102;1202
1253;admin;2021-05-30 16:00:48.639016;admin;2021-06-01 11:14:59.873472;f;f;20000;1152;1103;1203
1254;admin;2021-05-30 16:00:48.646375;admin;2021-06-01 11:14:59.87437;f;f;20000;1152;1104;1204
1255;admin;2021-05-30 16:00:48.652615;admin;2021-06-01 11:14:59.875399;f;f;20000;1152;1105;1205
1256;admin;2021-05-30 16:00:48.685206;admin;2021-06-01 11:14:59.878121;f;f;20000;1153;1106;1201
1257;admin;2021-05-30 16:00:48.692583;admin;2021-06-01 11:14:59.87909;t;f;179900;1154;1107;1202
1258;admin;2021-05-30 16:00:48.699309;admin;2021-06-01 11:14:59.881179;f;f;20000;1155;1108;1203
1259;admin;2021-05-30 16:00:48.703343;admin;2021-06-01 11:14:59.88217;f;f;20000;1155;1109;1204
1260;admin;2021-05-30 16:00:48.731678;admin;2021-06-01 11:14:59.882994;f;f;20000;1155;1110;1201
1261;admin;2021-05-30 16:00:48.734044;admin;2021-06-01 11:14:59.883932;f;f;20000;1155;1111;1202
1262;admin;2021-05-30 16:00:48.736329;admin;2021-06-01 11:14:59.884732;f;f;20000;1155;1112;1203
