id;aecp;montant_estime;deleted;ligne_budget_id;besoin_id;activite_id;created_by;created_date;last_modified_by;last_modified_date
1401;t;179900;f;1351;1251;1301;admin;2020-09-02 12:28:14.925732;admin;2020-09-02 12:28:14.925732
1402;f;20000;f;1352;1252;1302;admin;2020-09-02 12:28:14.959066;admin;2020-09-02 12:28:14.959066
1403;f;20000;f;1353;1253;1302;admin;2020-09-02 12:28:14.979028;admin;2020-09-02 12:28:14.979028
1404;f;20000;f;1354;1254;1302;admin;2020-09-02 12:28:14.985224;admin;2020-09-02 12:28:14.985224
1405;f;20000;f;1355;1255;1302;admin;2020-09-02 12:28:14.991139;admin;2020-09-02 12:28:14.991139
1406;f;20000;f;1351;1256;1303;admin;2020-09-02 12:28:15.004091;admin;2020-09-02 12:28:15.004091
1407;t;179900;f;1352;1257;1304;admin;2020-09-02 12:28:15.010974;admin;2020-09-02 12:28:15.010974
1408;f;20000;f;1353;1258;1305;admin;2020-09-02 12:28:15.017171;admin;2020-09-02 12:28:15.017171
1409;f;20000;f;1354;1259;1305;admin;2020-09-02 12:28:15.020048;admin;2020-09-02 12:28:15.020048
1410;f;20000;f;1351;1260;1305;admin;2020-09-02 12:28:15.022431;admin;2020-09-02 12:28:15.022431
1411;f;20000;f;1352;1261;1305;admin;2020-09-02 12:28:15.024472;admin;2020-09-02 12:28:15.024472
1412;f;20000;f;1353;1262;1305;admin;2020-09-02 12:28:15.026686;admin;2020-09-02 12:28:15.026686
